{"cameraMode":{"drawMode":0,"name":"Shaded","section":"Shading Mode"},"sceneLighting":false,"audioPlay":false,"sceneViewState":{"m_AlwaysRefresh":false,"showFog":true,"showSkybox":false,"showFlares":true,"showImageEffects":true,"showParticleSystems":true,"showVisualEffectGraphs":true,"m_FxEnabled":true},"in2DMode":false,"pivot":{"x":-0.7743335366249085,"y":1.9194262027740479,"z":-3.2272250652313234},"rotation":{"x":0.23328281939029694,"y":0.05454248934984207,"z":-0.013055577874183655,"w":0.9708703756332398},"size":0.9526280164718628,"orthographic":false}