{"cameraMode":{"drawMode":0,"name":"Shaded","section":"Shading Mode"},"sceneLighting":true,"audioPlay":false,"sceneViewState":{"m_AlwaysRefresh":false,"showFog":true,"showSkybox":true,"showFlares":true,"showImageEffects":true,"showParticleSystems":true,"showVisualEffectGraphs":true,"m_FxEnabled":true},"in2DMode":false,"pivot":{"x":2.327249050140381,"y":3.2018332481384279,"z":-2.8667421340942385},"rotation":{"x":0.1866922676563263,"y":-0.26819494366645815,"z":0.053060293197631839,"w":0.9437022805213928},"size":1.208056092262268,"orthographic":false}